{
  "Jl. Sunset Road, Kuta, Kabupaten Badung, Bali , Bali|BALI": {
    "lat": -8.6999165,
    "lng": 115.1779846
  },
  "Jl Raya Uluwatu, Jimbaran, Kuta Selatan, Badung, Bali , Bali|BALI": {
    "lat": -8.785775,
    "lng": 115.1661491
  },
  "Jalan Raya Pajajaran No. 27, \nBogor Tengah - Kota, Kota Bogor , Bogor|BOGOR": {
    "lat": -6.5978891,
    "lng": 106.8046331
  },
  "Ambon City Center Lnt. Dasar\r\nJalan Wolter Monginsidi\r\nPasso - Ambon\r\n\r\n|AMBON": {
    "lat": -3.631314,
    "lng": 128.2491522
  },
  "BEACH WALK LT. 2\r\nJL. PANTAI KUTA BALI\r\n |BALI": {
    "lat": -8.7169483,
    "lng": 115.168807
  },
  "DFS GALLERIA, JL. SIMPANG SIUR, KUTA\r\n |BALI": {
    "lat": -8.7230514,
    "lng": 115.1824443
  },
  "Icon Bali Mall Lt. 1F\r\nJl. Danau Tamblingan No. 27, Sanur,\r\nDenpasar Selatan, Kota Denpasar, Bali 80228\r\n\r\n |BALI": {
    "lat": -8.6868254,
    "lng": 115.2633624
  },
  "MALL LEVEL 21 LT.4\r\nJL. TEUKU UMAR NO.1\r\nDENPASAR - BALI\r\n\r\n|BALI": {
    "lat": -8.6697572,
    "lng": 115.2139044
  },
  "Jalan Kartika Plaza Lingkar Segara, Kuta, Bali, Unit LG-15. , Bali|BALI": {
    "lat": -8.7280074,
    "lng": 115.1670095
  },
  "Mall Living World Lantai 2\r\nJl. Gatot Subroto Tim, Tonja,\r\nKec. Denpasar Utara, Kota Denpasar\r\nBali 80235\r\n |BALI": {
    "lat": -8.6351818,
    "lng": 115.2318452
  },
  "PARK 23 Lt. 3\r\nJl. KEDIRI CIRCUS WATER PARK\r\nKUTA BADUNG - BALI\r\n\r\n |BALI": {
    "lat": -8.737140499999999,
    "lng": 115.1757056
  },
  "Jalan Raya Puputan, Niti Mandala Renon, Desa Sumerta Kelod, Denpasar Timur , Bali|BALI": {
    "lat": -8.6742872,
    "lng": 115.2435652
  },
  "Trans Studio Mall Bali Lt. 1\r\nJln. Imam Bonjol No. 440\r\nDenpasar - Bali 80119\r\n\r\n|BALI": {
    "lat": -8.701988400000001,
    "lng": 115.183067
  },
  "e-Walk Lt.1 Balikpapan Superblok (BSB)\r\n\r\n |BALIKPAPAN": {
    "lat": -1.2732214,
    "lng": 116.8592658
  },
  "Living Plaza Balikpapan Lantai 3, Jalan MT. Haryono RT 54, Kelurahan Gunung Bahagia, Kecamatan Balikpapan Selatan, Kota Balikpapan , Balikpapan|BALIKPAPAN": {
    "lat": -1.254876,
    "lng": 116.8693853
  },
  "Penta City Mall Lt. 2\r\nJln. Jendral Sudirman No.47\r\nBalikpapan\r\n\r\n |BALIKPAPAN": {
    "lat": -1.2741692,
    "lng": 116.8570296
  },
  "Plaza Balikpapan Lt. 1 - Jl. Jend. Sudirman No. 1, Kelandasan Ilir, Balikpapan|BALIKPAPAN": {
    "lat": -1.2791388,
    "lng": 116.838696
  },
  "Pasar Baru Square Lt.2, Jl. Jend. Sudirman\r\n |BALIKPAPAN": {
    "lat": -1.277053,
    "lng": 116.8415093
  },
  "23 Paskal Shopping Centre Lt. 3 - Paskal Hyper Square : Jl. Pasirkaliki No. 25 - 27 , Kb. Jeruk , Andir - Bandung|BANDUNG": {
    "lat": -6.914178799999999,
    "lng": 107.5932492
  },
  "Istana Bandung Electronic Centre 2 Lantai 3A Jl.Purnawarman No.7 \u2013 11 Bandung 40117|BANDUNG": {
    "lat": -6.9088346,
    "lng": 107.6089969
  },
  "BRAGA CITY WALK LT. 2, JL. BRAGA 99-101\r\n |BANDUNG": {
    "lat": -6.917148099999999,
    "lng": 107.6092356
  },
  "CIWALK LT. 2, JL. CIHAMPELAS 160\r\n\r\n |BANDUNG": {
    "lat": -6.8934399,
    "lng": 107.6049801
  },
  "Bandung Trade Center Lt. P-2/3, Jl Dr. Djundjunan no. 143-149\r\n |BANDUNG": {
    "lat": -6.8929369,
    "lng": 107.5852335
  },
  "BANDUNG INDAH PLAZA LT. 3, JL. MERDEKA 56\r\n |BANDUNG": {
    "lat": -6.9086653,
    "lng": 107.6108282
  },
  "Festival Citylink Lt.3A\r\nJl. Peta No. 241\r\n |BANDUNG": {
    "lat": -6.9296019,
    "lng": 107.5865612
  },
  "Jalan Pasirkaliki No.121-123, Pamoyanan, Cicendo, Pamoyanan, Cicendo, Kota Bandung, Jawa Barat , Bandung|BANDUNG": {
    "lat": -6.9062676,
    "lng": 107.5972268
  },
  "JL. RAYA JATINANGOR NO. 150\r\n |BANDUNG": {
    "lat": -6.9338406,
    "lng": 107.7712432
  },
  "Kings Plaza Bandung Jl. Kepatihan 4 - 6,11 - 7, Lantai 6A Balong Gede, Regol, Kota Bandung, Jawa Barat 40265|BANDUNG": {
    "lat": -6.923069,
    "lng": 107.60489
  },
  "MIM SF Lt. 2 - Jl. Soekarno Hatta, Kawasan Niaga MTC No. 590, Sekejati, Buahbatu - Kota Bandung 40286|BANDUNG": {
    "lat": -6.9420809,
    "lng": 107.6587646
  },
  "Miko Mall Lantai 3A Jl. Kopo Cirangrang No 559 Bandung|BANDUNG": {
    "lat": -6.956291999999999,
    "lng": 107.5827137
  },
  "Paris van Java Resort Lifestyle Place - Jl. Sukajadi 137-139, Ground floor, Level 1 dan Level 2 Bandung 40162|BANDUNG": {
    "lat": -6.889564099999999,
    "lng": 107.5960068
  },
  "Summarecon Mall Bandung \r\nLt. 1 unit 1F-Unit A & A1\r\nJl. Bulevar Barat No. 75-89, Summarecon Bandung, Cisaranten Kidul,\r\nKec. Gedebage, Kota Bandung, Jawa Barat 40295\r\n\r\n |BANDUNG": {
    "lat": -6.955886,
    "lng": 107.696801
  },
  "Tenth Avenue Lt.1,\r\nJl Soekarno Hatta No.526, Cijaura, Kec. Buahbatu,\r\nKota Bandung, Jawa Barat 40286\r\n\r\n |BANDUNG": {
    "lat": -6.945967899999999,
    "lng": 107.6408643
  },
  "Thee Matic Mall - lantai 2\r\nJl. Anyar, Majasetra, Kec. Majalaya\r\nBandung, Jawa Barat 40382\r\n\r\n|BANDUNG": {
    "lat": -7.032120399999999,
    "lng": 107.7616715
  },
  "Buah Batu Square\r\nJln. Bojongsoang Raya No. 269\r\nCipagalo, Bojongsoang, Bandung\r\n\r\n|BANDUNG": {
    "lat": -6.9662961,
    "lng": 107.6381397
  },
  "BANDUNG SUPERMALL LT. 3, \r\nJL. JEND. GATOT SUBROTO\r\n |BANDUNG": {
    "lat": -6.927117000000001,
    "lng": 107.6360538
  },
  "Ubertos Mall Lt.2, Jl. A. H Nasution No.46 A\r\nPakemitana, Cinambo\r\n\r\n |BANDUNG": {
    "lat": -6.915495200000001,
    "lng": 107.6967302
  },
  "Jalan A. Yani KM 36,8    RT 001 RW 001 Kelurahan Sungai Ulin Kecamatan Banjarbaru Utara , Banjarbaru|BANJARBARU": {
    "lat": -3.4428147,
    "lng": 114.8467334
  },
  "Banua Hanyar, Kertak Hanyar, Banjar Regency, South Kalimantan  , Banjarmasin|BANJARMASIN": {
    "lat": -3.3960724,
    "lng": 114.6578874
  },
  "DUTA MALL Lantai 3\r\nJl. Ahmad Yani KM 3\r\nBanjarmasin\r\n|BANJARMASIN": {
    "lat": -3.3309704,
    "lng": 114.6123076
  },
  "DUTA MALL LT.3 JL. A. YANI KM 2\r\n |BANJARMASIN": {
    "lat": -3.32256,
    "lng": 114.603252
  },
  "Batam City Square Jl. Bunga Raya, Sei Baloi\r\n |BATAM": {
    "lat": 1.1321153,
    "lng": 104.0103187
  },
  "Mall Grand Batam Lantai 3 Jl. Pembangunan, Kawasan Mall Grand Batam Penuin, Penuin, Batu Selicin, Lubuk Baja, Kota Batam, Kepulauan Riau 29444|BATAM": {
    "lat": 1.1350575,
    "lng": 104.0077582
  },
  "Jl. Raya M.  Saleh, Kelurahan Belian, Kecamatan Batam Kota.  , Batam|BATAM": {
    "lat": 1.1233869,
    "lng": 104.0410433
  },
  "MEGA MALL BATAM LT.2, JL. ENGKU PUTRI\r\n |BATAM": {
    "lat": 1.1347191,
    "lng": 104.0433303
  },
  "Mall One Batam Lt. 3\r\nJl. Raja H Fisabilillah 09, Teluk Tering, Batam Kota,\r\nKota Batam, Kepulauan Riau, 29444\r\n\r\n |BATAM": {
    "lat": 1.1299957,
    "lng": 104.0454475
  },
  "Panbil Mall Lt.2\r\nPanbil Industrial Etate\r\nJl. Ahmad Yani\r\nMuka Kuning, Seibeduk\r\nBatam\r\n\r\n|BATAM": {
    "lat": 1.1447181,
    "lng": 104.0285827
  },
  "Park Avenue Batam Upper Ground, Jl.Orchard Boulevard, Belian, Batamkota, Kep. Riau 29444|BATAM": {
    "lat": 1.1139783,
    "lng": 104.0644148
  },
  "NAGOYA MALL LT. 2, JL IMAM BONJOL\r\n |BATAM": {
    "lat": 1.1461035,
    "lng": 104.0117718
  },
  "Lippo Plaza Buton\nJalan Sultan Hasanudin No 58,                    Kelurahan Batulo Kecamatan Wolio,\nKota Baubau-Sulawesi Tengara. , Baubau|BAUBAU": {
    "lat": -5.4615971,
    "lng": 122.6204429
  },
  "Mall Bekasi Cyber Park Lantai 3 Jl. KH Noer Alie no. 177 - Bekasi|BEKASI": {
    "lat": -6.2471523,
    "lng": 106.9909414
  },
  "BTC Mall 2 Ground Floor - Jl. H. M. Joyomartono, Bulak Kapal, Bekasi Timur, Margahayu - DKI Jakarta 17113|BEKASI": {
    "lat": -6.2584107,
    "lng": 107.0212123
  },
  " Jl. Chairil anwar no.27-36 RT 004/009, Margahayu, kec. Bekasi Timur, kota Bekasi, Jawa Barat , Bekasi , Bekasi|BEKASI": {
    "lat": -6.2561065,
    "lng": 107.0079947
  },
  "Ramayana Mal Cibitung Lt. 2 unit L2-B001\r\nJl. Tengku Umar, Gandasari, Kec. Cikarang Barat\r\nKeb. Bekasi, Jawa Barat 17530\r\n\r\n |BEKASI": {
    "lat": -6.268813799999999,
    "lng": 107.0850511
  },
  "MAL CIPUTRA CIBUBUR LT. 3\r\nJl. Alternatif Cibubur\r\nCileungsi Km. 4\r\nBekasi 17435\r\n\r\n |BEKASI": {
    "lat": -6.3833366,
    "lng": 106.9257924
  },
  "Courts Megastore\r\nKota Harapan Indah Bekasi Lt. 2\r\nJln. Harapan Indah Boulevard\r\nMedan Satria, Kota Bekasi \r\nJawa Barat 17132\r\n\r\n|BEKASI": {
    "lat": -6.185809099999999,
    "lng": 106.9745141
  },
  "Grand Kota Bintang Lantai 2\r\nJl. KH Noer Ali No. 1G,\r\nRT. 004/RW. 002, Jakasampurna, Kec. Bekasi Barat\r\nKota Bekasi, Jawa Barat 17145\r\n\r\n |BEKASI": {
    "lat": -6.2487046,
    "lng": 106.9567801
  },
  "GRAND METROPOLITAN MALL LT. 3\r\nJl. K.H. Noer Alie (Samping Pintu Tol Bekasi Barat)\r\nBekasi Selatan 17148\r\n\r\n |BEKASI": {
    "lat": -6.249333699999999,
    "lng": 106.9846306
  },
  "Green Walk Mall Lantai 2\r\nJl. HM. Joyo Martono KM. 16,\r\nKec. Bekasi Timur, Kota Bekasi\r\nJawa Barat 17113\r\n\r\n |BEKASI": {
    "lat": -6.2619468,
    "lng": 107.0193067
  },
  "Marketing Gallery Lagoon Avenue Bekasi. Jalan KH Noer Ali No. 3A, Kota Bekasi, DKI Jakarta 17148|BEKASI": {
    "lat": -6.2509401,
    "lng": 106.9783573
  },
  "Living World Grand Wisata Lt. 3 Unit 3-12,\r\nJl Celebration Boulevard Kav. 1 Grand Wisata,\r\nLambangjaya, Kec. Tambun Selatan, Kab. Bekasi,\r\nJawa Barat 17510\r\n\r\nTELEPHON |BEKASI": {
    "lat": -6.2812573,
    "lng": 107.0479511
  },
  "MEGA BEKASI HYPER MALL LT. 5, JL. A . YANI NO.1\r\n |BEKASI": {
    "lat": -6.249493500000001,
    "lng": 106.9931124
  },
  "METROPOLITAN MALL LT. 2, JL. KALIMALANG\r\n |BEKASI": {
    "lat": -6.248765,
    "lng": 106.990738
  },
  "Pakuwon Mall Bekasi Lt.3 Unit L3-01,\r\nJl. Raya Pekayon, Pekayon Jaya, Kec. Bekasi Selatan,\r\nKota Bekasi, Jawa Barat 17148\r\n\r\n|BEKASI": {
    "lat": -6.2560043,
    "lng": 106.9894215
  },
  "PLASA CIBUBUR LT. 3\r\nJl. Alternatif Cibubur - Cileungsi Km 2-3\r\n\r\n|BEKASI": {
    "lat": -6.3726612,
    "lng": 106.9104066
  },
  "PLAZA PONDOK GEDE 2 LT. 2\r\n |BEKASI": {
    "lat": -6.284853999999999,
    "lng": 106.9112785
  },
  "REVO TOWN LT. 1, BEKASI BARAT\r\n |BEKASI": {
    "lat": -6.234256999999999,
    "lng": 106.974241
  },
  "SUMMARECON MAL BEKASI LT. 3\r\nJl. Bulevar Ahmad Yani\r\nBekasi\r\n\r\n |BEKASI": {
    "lat": -6.2258534,
    "lng": 107.0011677
  },
  "Transpark Mall Juanda Lt.5\r\nJl. Ir. H. Juanda No 180\r\nKota Bekasi\r\n\r\n|BEKASI": {
    "lat": -6.2481728,
    "lng": 107.0186016
  },
  "BENCOOLEN MALL LT. DASAR\r\nJl. Pariwisata No. 1\r\nBengkulu\r\n |BENGKULU": {
    "lat": -3.8115102,
    "lng": 102.2682078
  },
  "MEGA MALL LT.2, \r\nJl. K. ZAINAL ABIDIN NO. 11\r\n |BENGKULU": {
    "lat": -3.1216829,
    "lng": 102.2050021
  },
  "Jl. Soekarno- Hatta No.14, \nTimbang Langkat, Binjai, Sumatra utara, LT UG , Binjai|BINJAI": {
    "lat": 3.6073524,
    "lng": 98.49642349999999
  },
  "Blitar Square, Jl. Merdeka No.6-7 Lantai 3 kepanjen lor, kepanjen kidul, Blitar - Jawa Timur|BLITAR": {
    "lat": -8.0988636,
    "lng": 112.1667754
  },
  "AEON MALL SENTUL CITY\r\nJl. MH. Thamrin, Citraringgul\r\nKec. Babakan Madang, Bogor\r\nJawa Barat 16810\r\n\r\n|BOGOR": {
    "lat": -6.5668229,
    "lng": 106.8581787
  },
  "AEON MALL Sentul City - Lantai 3\r\nJl. MH. Thamrin Citaringgul,\r\nKec. Babakan Madang Bogor,\r\nJawa Barat 16810\r\n\r\n|BOGOR": {
    "lat": -6.5668229,
    "lng": 106.8581787
  },
  "BOGOR GREAT MALL Lt. 3,\r\nJl. KH R Abdullah Bin Nuh RT. 005/RW. 004\r\nCibadak, Tanah Sereal\r\nKota Bogor\r\n\r\n|BOGOR": {
    "lat": -6.563451,
    "lng": 106.7640544
  },
  "Ramayana Bogor Square\r\nJln. KH. Sholeh Iskandar No. 121 Lt. 3\r\nKedung Jaya, Tanah Sereal Bogor 16164\r\n\r\n|BOGOR": {
    "lat": -6.5584833,
    "lng": 106.7852882
  },
  "BOTANI SQUARE LT. 2, JL. RAYA PAJAJARAN\r\n |BOGOR": {
    "lat": -6.6014292,
    "lng": 106.8069032
  },
  "Mall Boxies 123 Lt.5\r\nJl. Raya Tajur No.123,\r\nKec, Bogor Timur, Kota Bogor\r\nJawa Barat 16141\r\n\r\n|BOGOR": {
    "lat": -6.633792,
    "lng": 106.8270476
  },
  "CIBINONG CITY MALL LT. 2\r\nJl. Tegar Beriman No. 1\r\nCibinong - Bogor\r\n\r\n|BOGOR": {
    "lat": -6.4824182,
    "lng": 106.8185096
  },
  "Plaza Jambu Dua Lt. 4\r\nJl. A. Yani No.1, Bantarjati, Kec. Bogor Utara, Kota Bogor,\r\nJawa Barat 16153\r\n\r\n |BOGOR": {
    "lat": -6.569317,
    "lng": 106.8079468
  },
  "Jalan Siliwangi 123 L3M #5                            Kelurahan Sukasari Kecamatan Bogor Timur , Bogor|BOGOR": {
    "lat": -6.6216481,
    "lng": 106.8176583
  },
  "Mall Living World Kota Wisata Lt. 3\r\nJl. Boulevard Kota Wisata, Ciangsana, Kec. Gn. Putri,\r\nKabupaten Bogor, Jawa Barat 16968\r\n\r\n |BOGOR": {
    "lat": -6.3686036,
    "lng": 106.9591873
  },
  "Mall BTM Bogor Lt.4, JL. IR. H. JUANDA NO. 68\r\n |BOGOR": {
    "lat": -6.605068699999999,
    "lng": 106.7952921
  },
  "METMALL CILEUNGSI LT.2\r\nJl. METRO RAYA METLAND TRANSYOGI\r\nCILEUNGSI\r\n\r\n|BOGOR": {
    "lat": -6.323024999999999,
    "lng": 107.0619093
  },
  "Q Square Lifestyle Park, Lt. Dasar Unit AR-05,\r\nJl. Raya Jakarta-Bogor No.Km. 50, Cijujung, Kec Sukaraja, Kab.\r\nBogor, Jawa Barat 16710\r\n\r\n |BOGOR": {
    "lat": -6.5256757,
    "lng": 106.8328041
  },
  "Mall Ramayana Lt. 2 \r\nJln. Raya Tajur, Sindang Sari, Bogor Timur\r\nKota Bogor, Jawa Barat 16146\r\n\r\n|BOGOR": {
    "lat": -6.6497307,
    "lng": 106.8442359
  },
  "Vivo Sentul Bogor Jl. Raya Bogor KM 50, Cimandala, 16710, Jawa Barat, Kab. Bogor|BOGOR": {
    "lat": -6.525664000000001,
    "lng": 106.8318925
  },
  "Citiplaza Bondowoso Lantai 1F,\r\nJl. Ahmad Yani No. 84, RT.15/RW.02,,\r\nSumbergudeg, Nangkaan, Kec. Bondowoso,\r\nKab.Bondowoso, Jawa Timur 68215\r\n\r\n |BONDOWOSO": {
    "lat": -7.928161899999999,
    "lng": 113.8144206
  },
  "Aeon Mall Deltamas \r\nLt. Lantai 2 (Second Floor) unit 2-080\r\nJL. Ganesha Boulevard, Area Komersial Sektor 2.1, Kota Deltamas,\r\nHegarmukti - Cikarang Pusat, Kabupaten Bekasi,\r\nJawa Barat 17531\r\n\r\n |CIKARANG": {
    "lat": -6.351851799999999,
    "lng": 107.1953949
  },
  "Mall Chadstone Lantai 3\r\nJln. Raya Industri Cikarang \r\nBekasi\r\n\r\n|CIKARANG": {
    "lat": -6.3124464,
    "lng": 107.1416496
  },
  "District 1 Meikarta\nJl. Orange County Boulevard, Cikarang Selatan,\nBekasi, Jawa Barat 17530 , Cikarang|CIKARANG": {
    "lat": -6.3383362,
    "lng": 107.1660975
  },
  "Living Plaza Jababeka Lt. 1, Mekarmukti,Kec. Cikarang Utara, Kabupaten Bekasi, Jawa Barat 17530|CIKARANG": {
    "lat": -6.2992582,
    "lng": 107.1497445
  },
  "Mall Lippo Cikarang, Lantai 1 No 46, Jalan MH. Thamrin Desa Cibatu, Kecamatan Cikarang Selatan, Kabupaten Bekasi. , Cikarang|CIKARANG": {
    "lat": -6.334127500000001,
    "lng": 107.1370196
  },
  "Sentra Grosir Cikarang Lt.5\r\nJln. RE. Martadinata No. 95\r\nCikarang Utara, Bekasi\r\nJawa Barat 17530\r\n\r\n|CIKARANG": {
    "lat": -6.258496999999999,
    "lng": 107.1464532
  },
  "Cilegon Center Mall Lt. 3\r\nJln. Ahmad Yani No. 11 Sukmajaya\r\nKec. Jombang, Cilegon\r\nBanten 42416\r\n\r\n |CILEGON": {
    "lat": -6.024893,
    "lng": 106.0696607
  },
  "RAMAYANA DEPSTORE LT. 2, JL. RAYA CILEGON\r\n |CILEGON": {
    "lat": -6.0216681,
    "lng": 106.06362
  },
  "Mall Transmart Carrefour Cilegon - Lantai 4/M\r\n\r\nJl. KH Yasin Beji No. 1, Kebondalem,\r\nKec. Purwakarta, Kota Cilegon,\r\nBanten 42433\r\n\r\n|CILEGON": {
    "lat": -6.0076193,
    "lng": 106.0425796
  },
  "CITIMALL DUMAI lantai 2\r\nJl. Bukit Datuk,\r\nKec, Dumai Selatan,\r\nDumai - Riau\r\n\r\n|DUMAI": {
    "lat": 1.6574195,
    "lng": 101.4339658
  },
  "Citimall Garut Lt. 3\r\nJl. Jendral Sudirman No. 31, Sucikaler, Kec. Karangpawitan, Kabupaten\r\nGarut, Jawa Barat 44182\r\n\r\n |GARUT": {
    "lat": -7.214770499999998,
    "lng": 107.9205532
  },
  "Ramayana Mall Garut Lt. 1\r\nJln. Guntur No.2 \r\nPakuwon Garut Kota\r\n\r\n|GARUT": {
    "lat": -7.2116154,
    "lng": 107.9013176
  },
  "Gressmall Gresik Lt. 1\r\nJln. Sumatera, Gn. Malang, GKB\r\nKebomas, Gresik Regency, East Java\r\n61121\r\n\r\n|GRESIK": {
    "lat": -7.1580637,
    "lng": 112.6160628
  },
  "Jl. Dr. Wahidin S.H. No. 712, Kembangan,Kebomas, Kabupaten Gresik, Jawa Timur 61124|GRESIK": {
    "lat": -7.166329,
    "lng": 112.6052397
  },
  "SUMMARECON MAL BEKASI LT. 3\r\nJl. Bulevar Ahmad Yani\r\nBekasi\r\n |BEKASI": {
    "lat": -6.2258534,
    "lng": 107.0011677
  },
  "Depok Town Center Lt. 2 - Jl. Raya Sawangan, Rangkapan Jaya, Kec. Pancoran Mas, Kota Depok|DEPOK": {
    "lat": -6.3945297,
    "lng": 106.7924384
  },
  "Jalan Veteran No 2, Malang Town Square, Lantai Upper Ground, Unit UA-03, Kelurahan Penanggungan, Kecamatan Klojen, Kota Malang\n , Malang|MALANG": {
    "lat": -7.9571906,
    "lng": 112.6184601
  },
  "Jalan Ps. Baru 2 No. 2, Kampung Jao, Padang Barat, Kp. Jao, Padang Bar, Kota Padang, Sumatera Barat|PADANG": {
    "lat": -0.9477344,
    "lng": 100.3619501
  },
  "Citimall Cianjur 2 Lantai 2,\r\nJl. KH Abdullah Bin Nuh No. 2b,\r\nPamoyanan, Kec. Cianjur, Kebupaten Cianjur\r\nJawa Barat 43211\r\n\r\n |CIANJUR": {
    "lat": -6.815169,
    "lng": 107.1316187
  },
  "MAL CIREBON SUPERBLOCK LT. 2\r\nJL. DR. CIPTO MANGUNKUSUMO NO. 26\r\nCIREBON\r\n |CIREBON": {
    "lat": -6.7182514,
    "lng": 108.5499088
  },
  "GRAGE MAL\r\nJl. Tentara Pelajar No. 1\r\nCirebon\r\n\r\nPhone|CIREBON": {
    "lat": -6.7127523,
    "lng": 108.5517197
  },
  "Ramayana Mall Lt. 2\r\nJln. Raya Plered\r\nCirebon, Jawa Barat 45000\r\n\r\n|CIREBON": {
    "lat": -6.7084122,
    "lng": 108.5599632
  },
  "CINERE MALL LT. 3\r\n |DEPOK": {
    "lat": -6.324366899999999,
    "lng": 106.7838719
  },
  "CINERE BELLEVUE MALL LT.1\r\nJL. CINERE RAYA NO. 1\r\nCINERE\r\n |DEPOK": {
    "lat": -6.321411299999999,
    "lng": 106.7950981
  },
  "Ciplaz Parung Lantai 2\r\nJl. Raya Parung, Parung\r\nKel. Parung, Kabupaten Bogor,\r\nJawa Barat 16330\r\n\r\n |DEPOK": {
    "lat": -6.419239699999999,
    "lng": 106.7338884
  },
  "Citimall Cimanggis Lt. 1 Unit No. 2-0010\r\nJl. Raya Bogor KM 29 No. 29, Mekarsari,\r\nKec. Cimanggis, Kota Depok, Jawa Barat 16452\r\n\r\n|DEPOK": {
    "lat": -6.364980399999999,
    "lng": 106.85883
  },
  "DMall Depok Lt. 4 - Jl. Margonda Raya Kav 88 , Kemiri Muka , Beji|DEPOK": {
    "lat": -6.3867926,
    "lng": 106.8266218
  },
  "Jalan Margonda Raya No 1, RT 002/RW 008, Kelurahan Pondok Cina, Kecamatan Beji, Kota Depok , Depok|DEPOK": {
    "lat": -6.366124399999999,
    "lng": 106.8352261
  },
  "PLAZA RAMAYANA DEPOK LT. 2\r\n |DEPOK": {
    "lat": -6.391850799999999,
    "lng": 106.825
  },
  "Margo City Lantai 3\r\nJl. Margonda Raya No. 358,\r\nKemiri Muka, Kec. Beji\r\nKota Depok, Jawa Barat 16423 \r\n\r\n |DEPOK": {
    "lat": -6.372967,
    "lng": 106.8344235
  },
  "Pesona Square Mall Lt. 2\r\nJln. Ir. H. Juanda No.99 RT. 05 RW.022, Kel. Bakti Jaya\r\nSukma Jaya, Kota Depok\r\n\r\n |DEPOK": {
    "lat": -6.3804524,
    "lng": 106.8439905
  },
  "THE PARK SAWANGAN - Lantai 3\r\n\r\nJl. Raya Parung,\r\nCiputat No.1,\r\nKota Depok, Jawa Barat 16555\r\n\r\n|DEPOK": {
    "lat": -6.3762452,
    "lng": 106.7449527
  },
  "MALL GORONTALO LT. 4\r\nJL. SULTAN BOTUTIHE NO.88\r\nGORONTALO\r\n\r\n|GORONTALO": {
    "lat": 0.5378187999999999,
    "lng": 123.0626416
  },
  "Mall Indramayu Lt (1F) Unit 01,\r\nJl. Gatot Subroto No. 10, Kel. Karanganyar, Kec. Indramayu\r\nKab. Indramayu, Jawa Barat 45213\r\n\r\nTELEPHON |INDRAMAYU": {
    "lat": -6.3424933,
    "lng": 108.3348489
  },
  "BLOK M PLAZA LT. 6\r\n |JAKARTA": {
    "lat": -6.2441311,
    "lng": 106.7975724
  },
  "The Park Kendari Lantai 2, Unit 1-0040\r\nJl. Brigjen M. Yoenoes, Bende,\r\nKec. Kadia, Kota Kendari,\r\nSulawesi Tenggara 93461\r\n\r\n |KENDARI": {
    "lat": -3.983111,
    "lng": 122.5199765
  },
  "Irian Supermarket Lt.3\r\nJln. Imam Bonjol No. 149\r\nKisaran Kab. Asahan, Sumatera Utara 21214\r\n\r\n |KISARAN": {
    "lat": 2.9799609,
    "lng": 99.6309661
  },
  "Klaten Town Square Lt. 3,\r\nJl. Pemuda No. 75, Tegal Mulyo,\r\nKec. Klaten Tengah, Kab. Klaten,\r\nJawa Tengah 57413\r\n\r\n |KLATEN": {
    "lat": -7.7031978,
    "lng": 110.6026934
  },
  " Citimall Kuala Kapuas Lantai 2, Unit 1-0011\r\nJl. Pemuda KM 1,5, Selat Dalam,\r\nKec. Selat, Kab. Kapuas,\r\nKalimantan Tengah 73516\r\n\r\n |KUALA KAPUAS": {
    "lat": -2.9802179,
    "lng": 114.4026643
  },
  "Transmart Kupang, Jl. W J Lalamentik No.91 Lt. Mezzanin\r\nOebobo, Kupang\r\n\r\n |KUPANG": {
    "lat": -10.1702154,
    "lng": 123.6090486
  },
  "MAKASSAR TOWN SQUARE LT. 3 Jl. PERINTIS KEMERDEKAAN KM 7\r\n |MAKASSAR": {
    "lat": -5.1444142,
    "lng": 119.4747679
  },
  "Nipah Mall Lt. 1 \r\nJln. Urip Sumohardjo\r\nKel. Panaikang\r\nKec. Panakkukang\r\nMakassar\r\n\r\n|MAKASSAR": {
    "lat": -5.1379358,
    "lng": 119.442281
  },
  "MALL PANAKKUKANG, JL. PENGAYOMAN\r\n |MAKASSAR": {
    "lat": -5.157871099999999,
    "lng": 119.4466995
  },
  "MALL RATU INDAH LT. 4 JL. SAM RATULANGI NO. 35\r\n |MAKASSAR": {
    "lat": -5.1531766,
    "lng": 119.4169163
  },
  "TRANS STUDIO MALL MAKASSAR LT. 2\r\nJl. HM Dg. Patompo Metro\r\nTanjung Bunga\r\nMakassar\r\n |MAKASSAR": {
    "lat": -5.1592364,
    "lng": 119.3942716
  },
  "Maleo Town Square Lt. 1,\r\nJl. Yos Sudarso No. 37,\r\nBinanga, Kec. Mamuju,\r\nKab. Mamuju, Sulawesi Barat 91511\r\n\r\n|MAMUJU": {
    "lat": -2.6693231,
    "lng": 118.8922097
  },
  "Mall Transmart Lantai 4 (Mezanin)\r\nJln. Jendral Sudirman No. 8\r\nTaman Bunga, Kec. Taman Sari\r\nKota Pangkal Pinang\r\nBangka 33684\r\n\r\n|PANGKAL PINANG": {
    "lat": -2.1212542,
    "lng": 106.1141302
  },
  "City Plaza Sidoarjo Lt.2\r\nJln. Diponegoro No. 2\r\nSidoarjo - Jawa Timur\r\n\r\n|SIDOARJO": {
    "lat": -7.451195699999999,
    "lng": 112.7147087
  },
  "TRANSMART SIDOARJO LT. 3, JL. RAYA TAMAN TIARA NO. 35\r\n\r\n |SIDOARJO": {
    "lat": -7.437328000000001,
    "lng": 112.7135016
  },
  "Singkawang Grand Mal Lt.3\r\nJln. Alianyang No. 133 \r\nKel. Pasiran Kec. Singkawang Barat \r\nSingkawang - Kalimantan Barat\r\n\r\n|SINGKAWANG": {
    "lat": 0.8984080999999998,
    "lng": 108.9696898
  },
  "SOLO GRAND MALL LT. 4, JL. SLAMET RIYADI NO. 295\r\n |SOLO": {
    "lat": -7.5660747,
    "lng": 110.8076147
  },
  "MAL SOLO PARAGON Lt. 1\r\nJL. YOSODIPURO NO. 133\r\nSOLO\r\n\r\n |SOLO": {
    "lat": -7.561956299999999,
    "lng": 110.8103808
  },
  "Solo Square Lt. 3\r\nJl. Slamat Riyadi No. 451-455\r\nSolo\r\n |SOLO": {
    "lat": -7.5605175,
    "lng": 110.78861
  },
  "THE PARK LT.2\r\nJL. IR. SOEKARNO SOLO BARU, MADEGONDO SUKOHARJO, JAWA-TENGAH\r\n |SOLO": {
    "lat": -7.5985596,
    "lng": 110.8165283
  },
  "Ramayana Mall Lt.3\r\nJl. Jend A.Yani, Klademak\r\nKec, Sorong, Kota Sorong\r\nPapua Barat 98412\r\n\r\n |SORONG": {
    "lat": -0.8820614999999999,
    "lng": 131.2755023
  },
  "Plaza Asia Lantai G Jalan HZ Mustofa No. 326\r\n |TASIKMALAYA": {
    "lat": -7.3430288,
    "lng": 108.2169357
  },
  "Transmart Mall Lt.4\r\nJl. Ir.H.Juanda, sukamulya\r\nBungursari, Tasikmalaya\r\nJawa Barat, 46151\r\n\r\n|TASIKMALAYA": {
    "lat": -7.317814899999999,
    "lng": 108.1993367
  },
  "Jatiland Mall Lt. 2\r\nJln. Sultan M. Djabir Sjah\r\nGamalama, Ternate Tengah\r\nMaluku Utara\r\n\r\n|TERNATE": {
    "lat": 0.7916841,
    "lng": 127.3905133
  },
  "Diana Mall Timika Lt. 6\r\nJl. Budi Utomo No. 8, Kwamki,\r\nKec. Mimika Baru, Kab. Mimika, Papua 99971\r\n\r\n|TIMIKA": {
    "lat": -4.5420634,
    "lng": 136.8835379
  },
  "Jl. Urip Sumoharjo\r\n |YOGYAKARTA": {
    "lat": -7.7830627,
    "lng": 110.3835995
  },
  "Grage City Mall Lt. 2 - Jl. Ahmad Yani, Pegambiran, Cirebon|CIREBON": {
    "lat": -6.7406691,
    "lng": 108.5700326
  },
  "Transmart Cirebon 1st floor Jl. Raya Cipto Mangunkusumo No.234, Pekiringan, Kesambi, Cirebon City|CIREBON": {
    "lat": -6.720599699999999,
    "lng": 108.550372
  },
  "Margo City Lantai 3\r\nJl. Margonda Raya No. 358,\r\nKemiri Muka, Kec. Beji\r\nKota Depok, Jawa Barat 16423 |DEPOK": {
    "lat": -6.372967,
    "lng": 106.8344235
  },
  "Jalan MT Haryono no 61-63 Kendari, Kelurahan Dende, Kecamatan Kadia, Kota Kendari , Kendari|KENDARI": {
    "lat": -3.9924476,
    "lng": 122.5120579
  },
  "Lippo Plaza Kupang,Jalan Veteran RT 014 RW 004                         Kelurahan Fatululi Kecamatan Oebobo.\nKota Kupang. , Kupang|KUPANG": {
    "lat": -10.156367,
    "lng": 123.6113951
  },
  "Jalan Metro Tj. Bunga No.2, Panambungan, Mariso, Kota Makassar, Sulawesi Selatan. , Makassar|MAKASSAR": {
    "lat": -5.1528431,
    "lng": 119.4036574
  },
  "MALL PANAKKUKANG, JL. PENGAYOMAN\r\n\r\n |MAKASSAR": {
    "lat": -5.157871099999999,
    "lng": 119.4466995
  },
  "PANAKKUKANG MALL Lantai 2 Jalan Adhyaksa No.1 Panakkukang Mas Makassar, Sulawesi Selatan|MAKASSAR": {
    "lat": -5.1586664,
    "lng": 119.4482846
  },
  "TRANS STUDIO MALL MAKASSAR LT. 2\r\nJl. HM Dg Patompo Metro\r\nTanjung Bunga\r\nMakassar\r\n\r\n |MAKASSAR": {
    "lat": -5.1592364,
    "lng": 119.3942716
  },
  "Basko City Mall Lt.2 Unit 2F-12\r\nJl. By Pass KM.9, Kalumbuk, Kec. Kuranji, Kota Padang\r\n25171\r\n\r\nTELEPHON |PADANG": {
    "lat": -0.9201719,
    "lng": 100.3976437
  },
  "PLAZA ANDALAS LT.4\r\nJLN. PEMUDA OLO NO.1\r\nPADANG\r\n\r\n|PADANG": {
    "lat": -0.9505450000000001,
    "lng": 100.3556786
  },
  "Mall Transmart Lt.3\r\nJln. Khatib Sulaiman No.85\r\nUlak Karang Sel, Padang Utara\r\nKota Padang 25173\r\n\r\n|PADANG": {
    "lat": -0.9127428999999999,
    "lng": 100.3575378
  },
  "Jl. Jenderal Sudirman KM 1,5 (Citimall) Sampit, RT 47 RW 8, Kelurahan Mentawa Baru Hulu, Kecamatan Mentawa Baru Ketapang, Kabupaten Kotawaringin Timur   , Sampit|SAMPIT": {
    "lat": -2.5375861,
    "lng": 112.9331647
  },
  "Lippo Plaza Sidoarjo Lt. 1\nJl. Jati Raya No. 1 Jati,  kec. Sidoarjo, Jawa Timur , Sidoarjo|SIDOARJO": {
    "lat": -7.446089199999999,
    "lng": 112.6983971
  },
  "THE PARK LT. 2\r\nJL. IR. SOEKARNO SOLO BARU, MADEGONDO SUKOHARJO, JAWA-TENGAH\r\n\r\n |SOLO": {
    "lat": -7.5985596,
    "lng": 110.8165283
  },
  "Transmart Solo Pabelan 5th floor Jl. Raya A. Yani No. 234, Pabelan Kartosuro, Pabelan,\u00a0Kartasura, Kabupaten Sukoharjo, Jawa Tengah 57162|SOLO": {
    "lat": -7.5606239,
    "lng": 110.7668762
  },
  "MALL TANJUNG PINANG  LT. 1\r\n\r\nJL. AISAH SULAIMAN KM.8 ATAS,\r\nTANJUNG PINANG\r\n |TANJUNG PINANG": {
    "lat": 0.8949849,
    "lng": 104.4782052
  },
  "Mall Central Park (Podomoro City) -Level 8 ( P13 ) Jl. Jend. S. Parman Kav 28 Jakarta Barat 11470|JAKARTA": {
    "lat": -6.1748813,
    "lng": 106.7899516
  },
  "Grand Indonesia, West Mall Building 8th Floor Jl. M.H. Thamrin No. 1 Jakarta - Pusat|JAKARTA": {
    "lat": -6.1953681,
    "lng": 106.8204181
  },
  "One Pacific Place Mall 6th Floor, Jl. Jendral Sudirman Kav. 52 - 53 Sudirman Central Business District Jakarta Pusat|JAKARTA": {
    "lat": -6.224019699999999,
    "lng": 106.8101858
  },
  "Taman Ria Senayan Jl. Gerbang Pemuda No.3 Gelora  , Jakarta|JAKARTA": {
    "lat": -6.2119798,
    "lng": 106.8053892
  },
  "Sahid J-Walk Mall 3rd fl. Jl Babarsari No.2 Catur Tunggal, Depok, Sleman. DI Yogyakarta 55281|YOGYAKARTA": {
    "lat": -7.7794813,
    "lng": 110.4143837
  },
  "Lippo Plaza Yogya Lt 1 dan 4, Jl. LAKSDA ADSUCIPTO no 32-34, RT 13,RW 4, Demangan Gondokusuman, Yogyakarta, Daerah Istimewa Yogyakarta. , Yogyakarta|YOGYAKARTA": {
    "lat": -7.784138199999999,
    "lng": 110.3907692
  },
  "Trans Studio Mall Cibubur Lt. 3\r\nJl. Alternatif Cibubur No. 230,\r\nBogor\r\n\r\n|DEPOK": {
    "lat": -6.375729400000001,
    "lng": 106.9019957
  },
  "Trans Studio Mall Cibubur Lt.3\r\nJl. Alternatif cibubur No. 230\r\nBogor\r\n\r\n|DEPOK": {
    "lat": -6.375729400000001,
    "lng": 106.9019957
  },
  "Mal Mandau City, Jl. Jend. Sudirman, Komplek Duri Indah Raya Lt. 3 Blok E, Kel. Babussalam, Kec. Mandau, Kab. Bengkalis, Riau , Duri|DURI": {
    "lat": 1.280853,
    "lng": 101.1939573
  },
  "AEON Cakung Mall Lt. 3 Ps. Modern Jakarta Garden City Jl. Cassia Utama No. 46, Cakung - Jakarta 13960|JAKARTA": {
    "lat": -6.1722633,
    "lng": 106.9522359
  },
  "AEON MALL Tanjung Barat Lantai 3\r\nJl. Tanjung Barat No. 163,\r\nTanjung Barat \u2013 Jagakarsa\r\nJakarta Selatan 12660\r\n\r\n |JAKARTA": {
    "lat": -6.306613,
    "lng": 106.8402099
  },
  "Agora Mall Lt. 3\r\nJl. M H Thamrin No. 10, Kebon Melati,\r\nKec. Tanah Abang, Jakarta Pusat 10230\r\n\r\n |JAKARTA": {
    "lat": -6.198998899999999,
    "lng": 106.8216146
  },
  "ARION PLAZA LT. 4\r\nJL. PEMUDA KAV. 3-4,\r\nRAWAMANGUN\r\n\r\n |JAKARTA": {
    "lat": -6.1940727,
    "lng": 106.890204
  },
  "MAL ARTHA GADING, ATRIUM ITALY, LT.6\r\n |JAKARTA": {
    "lat": 41.87194,
    "lng": 12.56738
  },
  "BASSURA CITY LT.2\r\nJL. BASUKI RAHMAT NO.1\r\nJAKARTA TIMUR\r\n\r\n|JAKARTA": {
    "lat": -6.223670599999999,
    "lng": 106.8794532
  },
  "MAL BAYWALK PLUIT Lt. 6\r\nJL. PLUIT KARANG AYU BLOK B1 UTARA\r\nJAKARTA UTARA\r\n |JAKARTA": {
    "lat": -6.1944491,
    "lng": 106.8229198
  },
  "Bellatera Lifestyle Center 6th floor Jl Boulevard Raya kav 1, Pulomas Kelapa Gading|JAKARTA": {
    "lat": -6.1748194,
    "lng": 106.8946195
  },
  "BLOK M SQUARE LT.5, JL. MELAWAI V, JAKARTA SELATAN\r\n |JAKARTA": {
    "lat": -6.2442477,
    "lng": 106.8006638
  },
  "Buaran Plaza 2nd Floor Jl. Raden Inten 1 Buaran -\u00a0Jakarta Timur 13470|JAKARTA": {
    "lat": -6.217691299999999,
    "lng": 106.9242399
  },
  "Jalan Jambore No.1, RT.8/RW.7, Cibubur, Ciracas, Kota Jakarta Timur, Daerah Khusus Ibukota Jakarta  , Jakarta Timur|JAKARTA": {
    "lat": -6.3674884,
    "lng": 106.8907588
  },
  "GRAHA CIJANTUNG LT. 5\r\n |JAKARTA": {
    "lat": -6.19095,
    "lng": 106.762858
  },
  "MAL CIPINANG INDAH LT. 3\r\nJalan Raya Kalimalang No. 88\r\nJakarta Timur\r\n |JAKARTA": {
    "lat": -6.2396612,
    "lng": 106.8940993
  },
  "Ciplaz Cengkareng Lt. 3\r\nJl. Lkr Luar Barat, East Cengkareng,\r\nCengkareng, West Jakarta City\r\nJakarta, 11730\r\n\r\n|JAKARTA": {
    "lat": -6.1530098,
    "lng": 106.7282402
  },
  "City Plaza Klender Lt.4\r\nJln. I Gusti Ngurah Rai \r\nKlender - Jakarta Timur\r\n\r\n|JAKARTA": {
    "lat": -6.2135916,
    "lng": 106.8942089
  },
  "Citra Towers Kemayoran Lt. 2\r\nJln. Benyamin Suaeb Kav A6\r\nKemayoran, Jakarta Pusat 10630\r\n\r\n|JAKARTA": {
    "lat": -6.1586557,
    "lng": 106.8521985
  },
  "MALL CIPUTRA Lantai 5\r\n\r\nJl. Arteri S. Parman - Grogol\r\nJakarta Barat\r\n\t|JAKARTA": {
    "lat": -6.1683965,
    "lng": 106.7864982
  },
  "JALAN MATRAMAN RAYA NO. 173 - 175 LT. 5\r\nJAKARTA TIMUR 13310\r\n\r\n|JAKARTA": {
    "lat": -6.213836499999999,
    "lng": 106.8644217
  },
  "MAL DAAN MOGOT\r\n |JAKARTA": {
    "lat": -6.1515039,
    "lng": 106.7144798
  },
  "JL. MH. THAMRIN\r\n |JAKARTA": {
    "lat": -6.1879324,
    "lng": 106.8231344
  },
  "MAL EMPORIUM PLUIT UNIT 5-01, JL. PLUIT SELATAN RAYA\r\n |JAKARTA": {
    "lat": -6.1272711,
    "lng": 106.7909758
  },
  "Epicentrum Walk Ground Floor Jl. H.R. Rasuna Said\r\n |JAKARTA": {
    "lat": -6.218367499999999,
    "lng": 106.8352218
  },
  "FX Mall Lantai 7, Jl. Jend Sudirman RT.001/03, Gelora tn.Abang, Jakarta pusat 10270|JAKARTA": {
    "lat": -6.2246691,
    "lng": 106.8039106
  },
  "Gajah Mada Plaza, Jl. Gajah Mada No. 19-26 Jakarta Pusat , Jakarta|JAKARTA": {
    "lat": -6.160906600000001,
    "lng": 106.8186062
  },
  "Gandaria City Level 2, Jl Sultan Iskandar Muda, Kebayoran Lama\r\nJakarta\r\n\r\n|JAKARTA": {
    "lat": -6.2439854,
    "lng": 106.7836671
  },
  "Grand Paragon Mall Lt.3\r\nJln. Gajah Mada No. 126\r\nJakarta Barat\r\n\r\n|JAKARTA": {
    "lat": -6.151815,
    "lng": 106.8160341
  },
  "Green Pramuka Square 1st\u00a0Floor, Jl. Jendral Ahmad Yani Kav. 49, Rawasari Cempaka Putih, Central Jakarta 10570|JAKARTA": {
    "lat": -6.1894655,
    "lng": 106.8738496
  },
  "Green Sedayu Mall - Lantai 2\r\nJl. Lingkar Luar Barat,\r\nKomplek Taman Palem Lestari No. 10,\r\nKec. Cengkareng, Jakarta Barat 11730\r\n\r\n|JAKARTA": {
    "lat": -6.1388522,
    "lng": 106.7287214
  },
  "JL. GATOT SUBROTO KAV. 19\r\n|JAKARTA": {
    "lat": -6.2267686,
    "lng": 106.818647
  },
  "Jalan Raya Kalibata No.1, RT.9/RW.4, Rawajati, Pancoran , Jakarta|JAKARTA": {
    "lat": -6.2572386,
    "lng": 106.8518335
  },
  "KALIBATA MALL LT. 3, JL. RAYA KALIBATA\r\n |JAKARTA": {
    "lat": -6.2558694,
    "lng": 106.8536549
  },
  "Jl. Ciledug Raya, RT.1/RW.1, Kby. Lama Utara, Kec. Kby. Lama, Kota Jakarta Selatan, Daerah Khusus Ibukota Jakarta 12240 , Jakarta|JAKARTA": {
    "lat": -6.2387304,
    "lng": 106.7812092
  },
  "MALL KELAPA GADING 3, LT.3\r\n\r\n |JAKARTA": {
    "lat": -6.157795699999999,
    "lng": 106.9084998
  },
  "LIPPO MALL KEMANG LT 3\r\nJL. P. ANTASARI NO. 36 JAKARTA SELATAN\r\n |JAKARTA": {
    "lat": -6.260863899999999,
    "lng": 106.8125431
  },
  "LIPPO MALL KEMANG LT. 3\r\nJL. PANGERAN ANTASARI NO. 36\r\n |JAKARTA": {
    "lat": -6.260863899999999,
    "lng": 106.8125431
  },
  "Mal Kota Kasablanka Lt. 2\r\nJl. Casablanca Kav. 88\r\nJakarta Selatan 12870\r\n |JAKARTA": {
    "lat": -6.2236119,
    "lng": 106.8429629
  },
  "KRAMAT JATI INDAH LT. 3\r\nJL. RAYA BOGOR KM. 19\r\nJAKARTA TIMUR\r\n |JAKARTA": {
    "lat": -6.2707526,
    "lng": 106.8680692
  },
  "Kuningan City Lt. 3 Jl. Prof. Dr. Satrio Kav 18 Kuningan Setiabudi\r\n |JAKARTA": {
    "lat": -6.223872699999999,
    "lng": 106.8234654
  },
  "Kawasan GRANADHA, lantai 5, Plaza Semanggi, Jalan Jenderal Sudirman Kavling 10, Jakarta Selatan , Jakarta|JAKARTA": {
    "lat": -6.3263407,
    "lng": 106.8055904
  },
  "JL. PURI INDAH RAYA BLOK U1 LT. 1\r\nJAKARTA - BARAT\r\n\r\n|JAKARTA": {
    "lat": -6.1885068,
    "lng": 106.7390711
  },
  "LOTTER SHOPPING AVENUE LT. 4\r\nJl. Dr. Satrio Kav. 3-5\r\nKaret Kuningan\r\nJakarta 12940\r\n |JAKARTA": {
    "lat": -6.2239958,
    "lng": 106.8233792
  },
  "LOTTE SHOPPING AVENUE LT. 4\r\nJl. Dr. Satrio Kav. 3-5\r\nKaret Kuningan\r\nJakarta 12940\r\n |JAKARTA": {
    "lat": -6.2235129,
    "lng": 106.8245186
  },
  "ATRIUM SEGITIGA SENEN LT. 4\r\n |JAKARTA": {
    "lat": -6.1771767,
    "lng": 106.841382
  },
  "Koja Trade Mall Lt. 2\r\nJln. Kramat Jaya No. 30\r\nJakarta Utara\r\n\r\n |JAKARTA": {
    "lat": -6.123670799999999,
    "lng": 106.9155858
  },
  "Mangga Dua Square Lt 3 Hall A\nJl. Gunung Sahari Raya No.1\nPademangan Jakarta-Utara , Jakarta|JAKARTA": {
    "lat": -6.151730499999999,
    "lng": 106.8357484
  },
  "KOMP. MEGARIA\r\nJl. Pegangsaan 21\r\nJakarta Pusat\r\n\r\n|JAKARTA": {
    "lat": -6.200185299999999,
    "lng": 106.8435139
  },
  "ONE BEL PARK LT. 2\r\nJL. RUMAH SAKIT FATMAWATI NO. 1\r\nKEL. PONDOK LABU, KEC. CILANDAK\r\nJAKARTA SELATAN\r\n\r\n|JAKARTA": {
    "lat": -6.3044084,
    "lng": 106.7950484
  },
  "Pusat Grosir Cililitan - Lantai A (7)\r\nJln. Dewi Sartika, Cililitan\r\nKec. Kramat Jati, Kota Jakarta Timur\r\nJakarta 13640\r\n\r\n|JAKARTA": {
    "lat": -6.2250138,
    "lng": 106.9004472
  },
  "PLAZA INDONESIA Lantai 6\r\nJl. MH Thamrin Kav 28-30\r\nJakarta Pusat \r\n\r\n|JAKARTA": {
    "lat": -6.1935977,
    "lng": 106.8219468
  },
  "PLAZA INDONESIA 6th Fl., JL. M.H. THAMRIN KAV. 28-30\r\n |JAKARTA": {
    "lat": -6.1935977,
    "lng": 106.8219468
  },
  "PLAZA SENAYAN P 5 JL. ASIA AFRIKA\r\n\r\n |JAKARTA": {
    "lat": -6.2253821,
    "lng": 106.7990758
  },
  "Jalan Pluit Indah Raya RT.1/RW.4, Pluit, Penjaringan, RT.1/RW.4, Pluit, Penjaringan, Kota Jkt Utara, Daerah Khusus Ibukota Jakarta , Jakarta|JAKARTA": {
    "lat": -6.117813,
    "lng": 106.7857674
  },
  "Jl. RA kartini No. 1 Lb. Bulus -Cilandak Jakarta Selatan|JAKARTA": {
    "lat": -6.2904682,
    "lng": 106.7800375
  },
  "PONDOK INDAH MALL 1 Lantai 2\r\nJl. Metro Pondok Indah No. 3B\r\nJakarta Selatan\r\n\t|JAKARTA": {
    "lat": -6.2652166,
    "lng": 106.7843165
  },
  "PONDOK INDAH MALL 2, LT. 3\r\n\r\n |JAKARTA": {
    "lat": -6.264606,
    "lng": 106.7825811
  },
  "Jl. Pondok Kelapa Raya, RT.16/RW.2, Pondok Kelapa., Kec. Duren Sawit, Kota Jakarta Timur, Daerah Khusus Ibukota Jakarta , Jakarta|JAKARTA": {
    "lat": -6.2399723,
    "lng": 106.9343925
  },
  "PURI INDAH MALL LT. 2\r\n\r\n |JAKARTA": {
    "lat": -6.188441699999999,
    "lng": 106.7339684
  },
  "SEASONS CITY LT.2 JL. LATUMENTEN, JAKARTA BARAT\r\n |JAKARTA": {
    "lat": -6.1576511,
    "lng": 106.7918591
  },
  "Jl. ASIA AFRIKA LOT 19 LANTAI 5\r\n\r\n |JAKARTA": {
    "lat": -6.2215786,
    "lng": 106.7981192
  },
  "Jl. ASIA AFRIKA LOT 19 LANTAI 5\r\n |JAKARTA": {
    "lat": -6.2215786,
    "lng": 106.7981192
  },
  "SETIABUDI BUILDING I LT. 3, JL. H.R. RASUNA SAID\r\n |JAKARTA": {
    "lat": -6.2152394,
    "lng": 106.8300557
  },
  "Plaza Slipi Jaya Lantai 4 Jl. Letjend S Parman no. Kav 17-18 - Jakarta Barat 11410|JAKARTA": {
    "lat": -6.188941499999999,
    "lng": 106.7965871
  },
  "Sunter Mall Lt. 3 Jl. Danau Sunter Blok.G7 Kav.2, Sunter Agung Jakarta Utara 14350|JAKARTA": {
    "lat": -6.137975,
    "lng": 106.8708677
  },
  "MALL TAMAN ANGGREK LT. 3\r\n |JAKARTA": {
    "lat": -6.1785831,
    "lng": 106.7922128
  },
  "Tamini Square Lantai 2 SB-6,\nJalan Taman Mini Raya, Kelurahan Pinang Ranti, Kecamatan Makasar, Kota administrasi Jakarta Timur , Jakarta|JAKARTA": {
    "lat": -6.291184899999999,
    "lng": 106.8821037
  },
  "Jl. Warung Jati Barat No.39, Jati Padang, Ps. Minggu, The Park Pejaten , Jakarta|JAKARTA": {
    "lat": -6.280608399999999,
    "lng": 106.8292772
  },
  "Transmart Cempaka Putih Lt. 3 - Jl. Jend A. Yani No. 83, Cempaka Putih, Jakarta Utara|JAKARTA": {
    "lat": -6.1688844,
    "lng": 106.8768051
  },
  "Jamtos Lt. 3\r\nJl. Kapten A. Bakaruddin No.88\r\nSipin, Kota jambi, 36125\r\n\r\n|JAMBI": {
    "lat": -1.6211204,
    "lng": 103.587582
  },
  "Lippo Plaza Jambi, Jalan Mayor Abd. Kartawirana RT 15, Kelurahan Budiman, Kecamatan Jambi Timur, Kota Jambi , Jambi|JAMBI": {
    "lat": -1.5969121,
    "lng": 103.6255612
  },
  "Transmart Mall (Lantai Mezanin) Lt.4\r\nJln. Jendral Sudirman No. 11\r\nThe Hok Tambak Sari, Jambi 3612.\r\n\r\n|JAMBI": {
    "lat": -1.6116001,
    "lng": 103.6250006
  },
  "Willtop Trade Center Lantai 3 ? Jalan Sultan Thaha No. 17 Jambi\r\n |JAMBI": {
    "lat": -1.5887747,
    "lng": 103.6159462
  },
  "Mal Jayapura Lantai 4.\r\nJl. Samratulangi Apo - Depan Gor\r\nKel. Bhayangkara\r\nKec. Jayapura Utara\r\nJayapura 99112\r\n\r\n|JAYAPURA": {
    "lat": -2.5351775,
    "lng": 140.7061874
  },
  "Jalan Gajah Mada no 175, Kelurahan Jember Kidul, Kecamatan Kaliwates, Kabupaten Jember. , Jember Kota|JEMBER": {
    "lat": -8.1737787,
    "lng": 113.6894434
  },
  "Roxy Square Jember Jl. Hayam Wuruk No.50-58, Gerdu, Sempusari, Kaliwates, Kabupaten Jember, Jawa Timur 68131|JEMBER": {
    "lat": -8.183644899999999,
    "lng": 113.6630745
  },
  "Transmart Mal Lt. 4\r\nJln. Hayam Wuruk 71\r\nJember, Jatim\r\n\r\n|JEMBER": {
    "lat": -8.185192599999999,
    "lng": 113.6661608
  },
  "Cikampek Mall Lantai 2 Jl. Jend. Sudirman No.76, Dawuan Tengah, Kec. Cikampek, Kabupaten Karawang, Jawa Barat 41373|KARAWANG": {
    "lat": -6.4006702,
    "lng": 107.4453829
  },
  "Festive Walk Mall lantai 5 Jl Galuh Mas Raya Komplek Perumahan Galuh - Karawang barat 41361|KARAWANG": {
    "lat": -6.316532,
    "lng": 107.2941863
  },
  "RESINDA PARK MALL XXI KARAWANG\r\nJln. Resinda Interchange Karawang Barat I\r\nKarawang Barat\r\n\r\n |KARAWANG": {
    "lat": -6.3009793,
    "lng": 107.2776344
  },
  "Tenchomart Karawang Lt. 3 Jl. Galuh MAS Raya, Sukaharja, Telukjambe Timur, Kabupaten Karawang, Jawa Barat 41361|KARAWANG": {
    "lat": -6.3272726,
    "lng": 107.2936206
  },
  "Kediri Mall Lantai 7 Jl. Hayam Wuruk No. 46, Kediri, Jawa Timur.|KEDIRI": {
    "lat": -7.815644900000001,
    "lng": 112.0189881
  },
  "Ramayana Mall Lt. 3\r\nJln. Jendral Sudirman No. 50\r\nKediri, Jawa Timur\r\n\r\n|KEDIRI": {
    "lat": -7.8967102,
    "lng": 111.993677
  },
  "Sampit, Delta Pawan, Payah Kumang, Delta Pawan, Kabupaten Ketapang, Kalimantan Barat  , Ketapang|KETAPANG": {
    "lat": -1.8123948,
    "lng": 109.9690387
  },
  "BOEMI KEDATON MALL LT. 3\r\nJl. Teuku Umar No.1 / Jl. Sultan Agung No.1\r\nBandar Lampung\r\n\r\n|LAMPUNG": {
    "lat": -5.3825451,
    "lng": 105.2592202
  },
  "Gedung Sentral Plaza Lantai 3\r\nJl. R A Kartini No. 21\r\nDurian Payung, Kec. Tanjung Karang Pusat\r\nBandar Lampung 35214\r\n\r\n |LAMPUNG": {
    "lat": -5.419404999999999,
    "lng": 105.252585
  },
  "Mal Lampung Lt.2\r\nJl. Zainal Abidin Pagar Alam No.1\r\nKel, Rajabasa, Kec, Rajabasa\r\nKota Bandar lampung\r\n\r\n|LAMPUNG": {
    "lat": -5.370587,
    "lng": 105.23809
  },
  "Grand Mall Lampung Lt. 3 - Jl. Raden Intan No.88, Pelita, Engal, Kota Bandar Lampung|LAMPUNG": {
    "lat": -5.417405899999999,
    "lng": 105.2577667
  },
  "Lampug City Mall Lantai 2\r\nJl.Yos Sudarso No. 80, Bumi Waras,\r\nKec. Bumi Waras, Kota Bandar\r\nLampung 35225\r\n\r\n |LAMPUNG": {
    "lat": -5.442899499999999,
    "lng": 105.2799532
  },
  "Mal Kartini Lantai. 3 \r\nJl. RA Kartini No.49 Lampung\r\n|LAMPUNG": {
    "lat": -5.4167812,
    "lng": 105.2532262
  },
  "Transmart Lampung 4th floor Jl. Sultan Agung No.283, Way Halim Permai, Way Halim, Kota Bandar Lampung, Lampung 35132|LAMPUNG": {
    "lat": -5.3829793,
    "lng": 105.2808228
  },
  "Jalan Taba Jemekeh, Lubuk Linggau Timur I,  Kota Lubuklinggau, Sumatra Selatan , Lubuklinggau|LUBUKLINGGAU": {
    "lat": -3.2893023,
    "lng": 102.8917556
  },
  "Plaza Lawu Madiun Lantai 3, JL. Pahlawan, Kartoharjo, Madiun - Jawa Timur 63117|MADIUN": {
    "lat": -7.6267298,
    "lng": 111.5203101
  },
  "Suncity Mall Lt. 2\r\nJl. S. Parman No. 8, Oro-oro Ombo,\r\nKec. Kartoharjo, Kota Madiun, Jawa Timur 63119\r\n\r\n |MADIUN": {
    "lat": -7.621871,
    "lng": 111.5339401
  },
  "PLAZA ARAYA LT. 2, JL. BLIMBING INDAH MEGAH NO. 2\r\n\r\n |MALANG": {
    "lat": -7.9366317,
    "lng": 112.6506009
  },
  "DIENG PLAZA LT.3 JL. RAYA LANGSEP NO.2\r\n |MALANG": {
    "lat": -7.973527,
    "lng": 112.6123107
  },
  "Mall Lippo Plaza Batu lantai 4, Jl. Gajah Mada, Sisir, Kec. Batu, Kota Batu, Jawa Timur. , Malang|MALANG": {
    "lat": -7.870349399999999,
    "lng": 112.5272113
  },
  "Malang City Point Jl. Terusan Dieng No.32, Pisang Candi, Kec. Sukun, Kota Malang, Jawa Timur 65115|MALANG": {
    "lat": -7.9738431,
    "lng": 112.6116891
  },
  "Mall Transmart Lt. 5\r\nJl. Veteran Penanggungan\r\nKlojen, Kota Malang, Jawa Timur 65113\r\n\r\n|MALANG": {
    "lat": -7.9568135,
    "lng": 112.617862
  },
  "Jalan MR.A.Maramis, Kairagi Dua, Lingkungan IV, Mapanget, Kota Manado. , Manado|MANADO": {
    "lat": 1.5018496,
    "lng": 124.8562067
  },
  "MANADO TOWN SQUARE LT.2\r\n |MANADO": {
    "lat": 1.4720417,
    "lng": 124.8310259
  },
  "Manado Town Square 3 Lt. 4\r\nJl. Boulevard / Pier Tendean  \r\nManado\r\n\r\n|MANADO": {
    "lat": 1.4723227,
    "lng": 124.8319485
  },
  "MEGA MALL MANADO LNT R1\r\nJL. PIERE TENDEAN BOULEVARD\r\nMANADO\r\n\r\n|MANADO": {
    "lat": 1.4842221,
    "lng": 124.8345888
  },
  "Manokwari City Mall Lt. 2\r\nJl. Yos Sudarso,\r\nManokwari, Papua Barat\r\n\r\n|MANOKWARI": {
    "lat": -0.85693,
    "lng": 134.0678051
  },
  "Lombok Epicentrum Mall Lt.2 \r\nJln. Sriwijaya No. 333\r\nPunia, Mataram\r\nLombok - NTB\r\n\r\n|MATARAM": {
    "lat": -8.593795799999999,
    "lng": 116.1046848
  },
  "Transmart Mataram Lt. 1 - Jl. Selaparang No. 60, Mataram, Nusa Tenggara Barat|MATARAM": {
    "lat": -8.5898886,
    "lng": 116.1467213
  },
  "Mall Cambridge City Square Lt. 2\r\nJl. S.Parman No. 217, \r\nPetisah Tengah, Kota Medan,\r\nSumatera Utara 20151\r\n\r\n|MEDAN": {
    "lat": 3.5848362,
    "lng": 98.66733939999999
  },
  "CENTRE POINT MALL LT. 3A\r\nJL. Jawa No.8\r\nKelurahan Gang Buntu, Kecamatan Medan Timur\r\nSumatera Utara\r\n\r\n |MEDAN": {
    "lat": 3.5912914,
    "lng": 98.68078799999999
  },
  "Deli Park Mall Podomoro lt. 5\r\nJl. Guru Patimpus Blok OPQ no. 1,\r\nKesawan, Kec. Medan Barat,\r\nMedan, Sumatera Utara 20111\r\n\r\n|MEDAN": {
    "lat": 3.5940757,
    "lng": 98.6745569
  },
  "Focal Point Mall Lt. 3 - Jl. Ring Road Setiabudi, Medan|MEDAN": {
    "lat": 3.5673927,
    "lng": 98.62592780000001
  },
  "HERMES PLACE POLONIA\r\nJL. WOLTER MONGINSIDI NO. 45 MEDAN\r\n |MEDAN": {
    "lat": 3.5707977,
    "lng": 98.6660457
  },
  "Jalan Imam Bonjol no.6 , LT.2 no.02- 09 , Medan|MEDAN": {
    "lat": 3.5860728,
    "lng": 98.67330249999999
  },
  "Jln. Gatot Subroto No. 217\r\nSimpang Jalan Ring Road\r\nMedan\r\n\r\n|MEDAN": {
    "lat": 3.5845913,
    "lng": 98.6268916
  },
  "Millennium ITC Center Medan\r\nJl. Kapten Muslim No. 111\r\nDwikora, Medan Helvetia, \r\nKota Medan Sumatera Utara 20118\r\n\r\n|MEDAN": {
    "lat": 3.5992519,
    "lng": 98.64462370000001
  },
  "Jalan Gatot Subroto No.30, Sekip, Medan Petisah, Sekip, Medan Petisah, Kota Medan, Sumatera Utara  , Medan|MEDAN": {
    "lat": 3.5927772,
    "lng": 98.66315259999999
  },
  "Jln. Gagak Hitam No.28\r\nMedan Sunggal\r\nMedan - Sumatera Utara\r\n\r\n|MEDAN": {
    "lat": 3.5758508,
    "lng": 98.62562280000002
  },
  "Jalan K.H Zainul Arifin no.7 ,Level 4 zone A-22,kelurahan madras hulu, Kec Medan Polonia , Medan|MEDAN": {
    "lat": 3.582209,
    "lng": 98.6715761
  },
  "SUZUYA MARELAN PLAZA\r\nJl. Marelan Raya No. 207 Tanah Enam Ratus\r\nKec. Medan Marelan\r\nMedan - Sumatra Utara\r\n\r\n|MEDAN": {
    "lat": 3.6785988,
    "lng": 98.65775959999999
  },
  "Suzuya Tanjung Morawa\r\nJln. Medan - Lubuk Pakam Dusun IV KM.17\r\nJln. ZA Pagar Alam Rajabasa 5 Tj. Morawa\r\nKab. Deli Serdang, Sumatera Utara 20511\r\n\r\n|MEDAN": {
    "lat": 3.5501085,
    "lng": 98.8346136
  },
  "Sunrise Mall Lt 2 - Jl. Benteng Pancasila no. 9, Bolongsari, Mergasari - Mojokerto|MOJOKERTO": {
    "lat": -7.471522,
    "lng": 112.4435014
  },
  "Duta Mall Palangkaraya Lt.3F Unit B-001,\r\nJl. Adonis Samad, Langkai, Kec. Pahandut, Kota Palangkaraya,\r\nKalimantan Tengah 73111\r\n\r\n |PALANGKARAYA": {
    "lat": -2.2487125,
    "lng": 113.9229531
  },
  "Palangkaraya Mall Lantai 3 Jalan Tjilik Riwut KM 1 Kalimantan Tengah\r\n |PALANGKARAYA": {
    "lat": -2.2065433,
    "lng": 113.9154004
  },
  "INTERNASIONAL PLAZA, JL. JEND. SUDIRMAN 147\r\n |PALEMBANG": {
    "lat": -2.98484,
    "lng": 104.758809
  },
  "OPI Mall L3.01\r\nJl. Gubernur HA Bastari\r\nKel. 15 Ulu; Kec. Seberang Ulu I\r\nOPI JAKABARING\r\nPalembang, Sumatera Selatan 30257\r\n\r\n|PALEMBANG": {
    "lat": -3.0361406,
    "lng": 104.791564
  },
  "OPI Mall L3.01\r\nJl. Gubernur HA Bastari\r\nKel. 15 Ulu; Kec. Seberang Ulu I\r\nOPI JAKABARING\r\nPalembang, Sumatera Selatan 30257\r\n\r\nNo.  |PALEMBANG": {
    "lat": -3.0361406,
    "lng": 104.791564
  },
  "Palembang Icon Mall Lantai 3 No. 55 (L3-55),  Jl. POM IX, Kel. Lorok Pakjo Kec. Ilir Barat I, Palembang  , Palembang|PALEMBANG": {
    "lat": -2.9781509,
    "lng": 104.7452056
  },
  "PALEMBANG SQUARE LT. 4\r\nJL. ANGKATAN 45/POM IX\r\nPALEMBANG\r\n |PALEMBANG": {
    "lat": -2.9786166,
    "lng": 104.7423979
  },
  "PALEMBANG INDAH MALL Lantai 3 \r\nJl. Letkol Iskandar No. 18\r\nPalembang\r\n\r\n|PALEMBANG": {
    "lat": -2.9849527,
    "lng": 104.7536804
  },
  "PALEMBANG TRADE CENTER, Jl. R.Sukamto No. 8A, 8 ilir timur 2 Kota Palembang - Sumatera selatan 30114|PALEMBANG": {
    "lat": -2.9507729,
    "lng": 104.7609412
  },
  "Social Market Citywalk Lt. 2 - Jl. Veteran No. 999 , Palembang|PALEMBANG": {
    "lat": -2.975002,
    "lng": 104.7666749
  },
  "Transmart Palembang 3rd floor, 26 Ilir, Bukit Kecil, Kota Palembang, Sumatera Selatan 30127|PALEMBANG": {
    "lat": -2.9816363,
    "lng": 104.7470679
  },
  "GRAND MALL PALU LT. 3\r\nJL. DIPONEGORO NO. 77\r\nPALU - SULAWESI TENGAH\r\n\r\n|PALU": {
    "lat": -0.8914432999999999,
    "lng": 119.8538015
  },
  "Ramayana Pekalongan Lt. 3\r\nJln. DR. Sutomo, Noyontaan\r\nPekalongan, Jawa Tengah 51129\r\n\r\n|PEKALONGAN": {
    "lat": -6.9014786,
    "lng": 109.682261
  },
  "Transmart Mall (Lantai Mezanin) Lt.4\r\nJl. Urip Sumoharjo No.20,\r\nPodosugih, Pekalongan\r\nJawa Tengah 51111\r\n\r\n|PEKALONGAN": {
    "lat": -6.9027736,
    "lng": 109.6658363
  },
  "Mall Ciputra Raya Lantai 4 \r\nJl. Riau No. 58 \r\nPekanbaru\r\n\r\n |PEKANBARU": {
    "lat": 0.5359841,
    "lng": 101.4306163
  },
  "Holiday 88 Jalan Sultan Syarif Qasim No.120, Kota Tinggi, LimaPuluh, Rintis, LimaPuluh, Kota Pekanbaru, Riau 28112|PEKANBARU": {
    "lat": 0.5307313,
    "lng": 101.453747
  },
  "Jl. Soekarno Hatta (Living World Lt 3) RT. 001 RW 008 Kel. Tangkerang Barat Kec. Marpoyan Damai Kota Pekanbaru , Pekanbaru|PEKANBARU": {
    "lat": 0.5004318,
    "lng": 101.420163
  },
  "Jl. Jendral Sudirman N0.61, Rintis, Kecamatan Lima Puluh, Kota Pekanbaru, Riau , Pekanbaru|PEKANBARU": {
    "lat": 0.5342895,
    "lng": 101.4476665
  },
  "Mall Pekanbaru Xchange Lantai 3\r\nJl. Riau No. 147, Padang Terubuk,\r\nKec. Senapelan, Kota Pekanbaru\r\nRiau 28155\r\n\r\n |PEKANBARU": {
    "lat": 0.5343973,
    "lng": 101.4293902
  },
  "Mal SKA Lt.5\r\nJln. Soekarno Hatta\r\nPekanbaru\r\n\r\n|PEKANBARU": {
    "lat": 0.4727049,
    "lng": 101.4192872
  },
  "Studio 88 Pekanbaru, Gedung Plaza Citra Lt. 5, Jl. Pepaya, Jadirejo, Pekanbaru, Jadirejo, Sukajadi,Kota Pekanbaru, Riau 28121|PEKANBARU": {
    "lat": 0.5101812,
    "lng": 101.4469303
  },
  "Sukaramai Trade Center Lantai 3\r\nJl. Jend. Sudirman No. 1 ,\r\nSukaramai, Kec. Pekanbaru Kota,\r\nKota Pekanbaru, Riau 28156\r\n\r\n |PEKANBARU": {
    "lat": 0.5290937,
    "lng": 101.4470921
  },
  "Transmart Pekanbaru Lt. 1 - Jl. Musyawarah No. 11, Payung Sekaki, Pekanbaru 28292|PEKANBARU": {
    "lat": 0.5031622,
    "lng": 101.4200591
  },
  "Gedung siantar city square,  Jl. Raya Medan no 88, Martoba, Kecamatan siantar utara, Naga Pita, Kota Pematang Siantar,  Sumatera Utara , Pematang Siantar|PEMATANG SIANTAR": {
    "lat": 3.5951956,
    "lng": 98.6722227
  },
  "Suzuya Gedung Merdeka Pematang Siantar Lt. 4,  \r\nJl Merdeka No. 375, Pardomuan, Kec. Siantar Timur, Kota Pematang  \r\nSiantar, Sumatra Utara 21136 \r\n\r\nTELE |PEMATANG SIANTAR": {
    "lat": 2.9633453,
    "lng": 99.0738166
  },
  "Ponorogo City Center,\n1st Floor, AT 1 No 19-21\nIr. Juanda No -25 , Ponorogo|PONOROGO": {
    "lat": -7.870263199999999,
    "lng": 111.4879766
  },
  "AYANI MALL LT. 3, JL A. YANI PONTIANAK\r\n |PONTIANAK": {
    "lat": -0.051244,
    "lng": 109.345662
  },
  "Citimall Jalan Lingkar Timur RT 11 RW 01 Kelurahan Gunung Ibul, Kecamatan Prabumulih Timur , Prabumulih|PRABUMULIH": {
    "lat": -3.3992778,
    "lng": 104.2750942
  },
  "Wijaya Kusuma Mall, Jl. Mangunharjo, Mayangan Probolinggo, Jawa timur 67218|PROBOLINGGO": {
    "lat": -7.7495422,
    "lng": 113.2315967
  },
  "Sadang Town Square, Jl. Veteran, ciwangi, 242B, bungur sari, Purwakarta - Jawa Barat 41118|PURWAKARTA": {
    "lat": -6.515439199999999,
    "lng": 107.4536489
  },
  "Rita Supermall Lt. 5 - Jl. Jend Sudirman No. 296, Sokanegara, Purwokerto|PURWOKERTO": {
    "lat": -7.4253576,
    "lng": 109.2301201
  },
  "Suzuya Rantau Prapat Mall Lt. 3\r\nJl. SM. Raja\r\nKabupaten Labuhan Batu, Sumatera Utara\r\n\r\n|RANTAU PRAPAT": {
    "lat": 2.0821821,
    "lng": 99.85211849999999
  },
  "Suzuya Plaza Lantai 2\r\nKomplek Suzuya No. 6 & 7, Bagan Batu\r\nKec. Bagan Sinembah Kab. Rokan Hilir\r\nRiau 28992\r\n\r\n|ROKAN HILIR": {
    "lat": 1.7104879,
    "lng": 100.3959376
  },
  "BIG MALL LT. 2\r\nJL. UNTUNG SUROPATI NO. 8\r\nSAMARINDA\r\n\r\n|SAMARINDA": {
    "lat": -0.5257871000000001,
    "lng": 117.1164609
  },
  "Mall City Centrum Lt. 7\r\nJl. Mulawarman No. 171,\r\nKel. Pelabuhan, Kec. Samarinda Kota\r\nSamarinda Kalimantan Timur 75242\r\n\r\n|SAMARINDA": {
    "lat": -0.5031106,
    "lng": 117.1520405
  },
  "Jl. Bhayangkara No.58, 01, Bugis, Kec. Samarinda Ulu, Kota Samarinda, Kalimantan Timur 75242|SAMARINDA": {
    "lat": -0.4909257,
    "lng": 117.1457081
  },
  "Samarinda Square Lt. 3\r\nJln. M. Yamin No. 12-14 A\r\nSamarinda, Kalimanta Timur\r\n\r\n |SAMARINDA": {
    "lat": -0.4648466,
    "lng": 117.1495979
  },
  "SAMARINDA SENTRA PLAZA LT. 5\r\nJL. PULAU IRIAN - SAMARINDA\r\n\r\n |SAMARINDA": {
    "lat": -0.5033974999999999,
    "lng": 117.1547178
  },
  "Central City XXI\r\nJl. Brigjen Sudhiarto Km 11, Penggaron Kidul, Pedurungan, Kota Semarang, Jawa Tengah 50194\r\n\r\n|SEMARANG": {
    "lat": -7.016545799999999,
    "lng": 110.48708
  },
  "CITRA LAND MALL\r\n |SEMARANG": {
    "lat": -6.989391599999999,
    "lng": 110.4247115
  },
  "DP Mall Lt.3 \r\nJln. Pemuda No. 150\r\nSekayu, Semarang Tengah\r\nKota Semarang 50132\r\n\r\n|SEMARANG": {
    "lat": -6.9824464,
    "lng": 110.4120011
  },
  "DP Mall Lt.2 \r\nJln. Pemuda No. 150\r\nSekayu, Semarang Tengah\r\nKota Semarang 50132\r\n\r\n|SEMARANG": {
    "lat": -6.9824464,
    "lng": 110.4120011
  },
  "Jl. Letjen MT. Hryono No.992-994 Lamper Kidul, Semarang Selatan, Kota Semarang - Jawa Tengah  , Semarang|SEMARANG": {
    "lat": -7.0063476,
    "lng": 110.4327787
  },
  "Paragon City Lt 3 & 4 Jl. Pemuda No. 119\r\n |SEMARANG": {
    "lat": -6.979088099999999,
    "lng": 110.4159424
  },
  "Queen City Mall Lantai 3,\r\nJl. Pemuda No. 27-31, Pandansari,\r\nKec. Semarang Tengah, Kota Semarang,\r\nJawa Tengah 50139\r\n\r\n |SEMARANG": {
    "lat": -6.9727776,
    "lng": 110.4201716
  },
  "Tentrem Mall Lt. 2\r\nJl. Gajahmada No. 123,\r\nKel. Pekunden, Kec. Semarang Tengah\r\nKota Semarang 50134\r\n\r\n|SEMARANG": {
    "lat": -6.9866912,
    "lng": 110.4219046
  },
  "The Park Mall Semarang Lantai 2 \r\nJl. Madukoro Raya Blok E1 No. 10-11,\r\nTawang Mas, Kec. Semarang Barat\r\nKota Semarang, Jawa Tengah  \r\n\r\n |SEMARANG": {
    "lat": -6.964088299999999,
    "lng": 110.3985504
  },
  "Transmart Majapahit Lt.5\r\nJl. Brigjen Sudiarto No. 761\r\nPlamongan Sari, Kota Semarang\r\nJawa Tengah 50194\r\n\r\n|SEMARANG": {
    "lat": -7.0199951,
    "lng": 110.4944564
  },
  "Mall Transmart Lt.1\r\nJln. Setiabudi, Srondol\r\nBanyumanik, Semarang\r\n\r\n|SEMARANG": {
    "lat": -7.056650800000001,
    "lng": 110.414801
  },
  "Uptown Mall BSBcity Semarang Lantai Upper Ground\r\nJl. RM. Hadi Soebeno Sosrowardoyo BSBcity,\r\nKel. Pesantren, Kec. Mijen\r\nSemarang\r\n\r\n |SEMARANG": {
    "lat": -7.0440057,
    "lng": 110.3250977
  },
  "Kabupaten Serang, Banten Jalan Raya Kopo, Citra Maja Raya,|SERANG": {
    "lat": -6.3282614,
    "lng": 106.3912331
  },
  "Jalan Akses Tol Serang Timur, Lingkungan Kemang, Kelurahan Penancangan, Kecamatan Cipocok, Serang, Banten  , Serang|SERANG": {
    "lat": -6.1190542,
    "lng": 106.181413
  },
  "Plaza Asia Sumedang\r\nJl Mayor Abdurahman N0. 225\r\nKotakaler, Sumedang Utara\r\nKabupaten Sumedang\r\nJawa Barat 45621\r\n\r\n|SUMEDANG": {
    "lat": -6.8359836,
    "lng": 107.9294146
  },
  "Jl. Bubutan No 1-7 Unit P9 Zone C Kel Pekiringan Kec Kesambi Surabaya 60174|SURABAYA": {
    "lat": -7.2574719,
    "lng": 112.7520883
  },
  "Ciputra World Lt. 4 Jl. Mayjen Sungkono NO. 89\r\n\r\n |SURABAYA": {
    "lat": -7.2927778,
    "lng": 112.7191667
  },
  "Jl. A. Yani No 288, Dukuh Menanggal, Gayungan, Kota Surabaya , Surabaya|SURABAYA": {
    "lat": -7.345300900000001,
    "lng": 112.727689
  },
  "PLAZA SURABAYA LT. 5\r\n |SURABAYA": {
    "lat": -7.2648774,
    "lng": 112.7485448
  },
  "Fairway Nine Mall Lt 4, Jl Raya Lontar Bukit Darmo Golf\r\n\r\n |SURABAYA": {
    "lat": -7.2838224,
    "lng": 112.6679759
  },
  "Fairway Nine Mall Lt 4, Jl Raya Lontar Bukit Darmo Golf\r\n |SURABAYA": {
    "lat": -7.2838224,
    "lng": 112.6679759
  },
  "GALAXY MALL , JL. DARMA HUSADA 37\r\n |SURABAYA": {
    "lat": -7.266977799999999,
    "lng": 112.7897377
  },
  "Grand City Surabaya Jalan Gubeng Pojok No. 1\r\n\r\n |SURABAYA": {
    "lat": -7.261428899999999,
    "lng": 112.7510156
  },
  "Grand City Surabaya Jalan Gubeng Pojok No. 1\r\n |SURABAYA": {
    "lat": -7.261428899999999,
    "lng": 112.7510156
  },
  "Marvel City Mall 2nd floor Jl. Ngagel No 123, Wonokromo, Surabaya, Jawa Timur 60246|SURABAYA": {
    "lat": -7.288782299999999,
    "lng": 112.7458245
  },
  "Maspion Square \u2013 1st\u00a0Floor, Jl. Ahmad Yani No. 73, Margorejo, Wonocolo Surabaya \u2013 Jawa Timur 60238|SURABAYA": {
    "lat": -7.315447000000001,
    "lng": 112.7360015
  },
  "Pakuwon City Lt 3\r\nJl. Kejawen Putih Mutiara No. 17 Surabaya 60112\r\n |SURABAYA": {
    "lat": -7.2802682,
    "lng": 112.8061548
  },
  "Food Junction Grand Pakuwon Lt. G, \r\nJl. Grand Banjar Mutiara Asri No. 1, \r\nBanjar Sugihan, Kec. Tandes, \r\nSurabaya, Jawa Timur 160184\r\n\r\n |SURABAYA": {
    "lat": -7.251022000000001,
    "lng": 112.6620053
  },
  "PAKUWON MALL LT. 2M\r\nJL. PUNCAK INDAH LONTAR NO. 2\r\nSURABAYA\r\n\r\n|SURABAYA": {
    "lat": -7.292971100000001,
    "lng": 112.6741538
  },
  "PAKUWON SUPERMAL/TRADE CENTRE LT. 1\r\n |SURABAYA": {
    "lat": -7.290529200000001,
    "lng": 112.6738446
  },
  "JL. JEND A.YANI, ROYAL PLAZA LT. 3\r\n |SURABAYA": {
    "lat": -7.3092153,
    "lng": 112.7342065
  },
  "Trans Icon Surabaya Lantai F 2\r\nJl. Ahmad Yani No. 260,\r\nSiwalankerto, Kec. Wonocolo\r\nSurabaya, Jawa Timur 60235\r\n\r\n |SURABAYA": {
    "lat": -7.3388772,
    "lng": 112.7285063
  },
  "Transmart Ngagel Lt. 2\r\nJln. Raya Ngagel No. 137 - 141\r\nNgagel Wonokromo, Surabaya\r\n\r\n |SURABAYA": {
    "lat": -7.2913647,
    "lng": 112.743515
  },
  "Mall Transmart Lt.3\r\nJln. Kali Rungkut\r\nSurabaya\r\n|SURABAYA": {
    "lat": -7.3207903,
    "lng": 112.7704552
  },
  "TUNJUNGAN PLAZA 3 LT.5\r\n\r\n |SURABAYA": {
    "lat": -7.263512800000001,
    "lng": 112.7391694
  },
  "TUNJUNGAN PLAZA 5 LT. 10\r\nJL. BASUKI RAHMAT NO. 08 - 12\r\nSURABAYA 60621\r\n\r\nNO |SURABAYA": {
    "lat": -7.261540399999999,
    "lng": 112.7397228
  },
  "TUNJUNGAN PLAZA LT.5, JL. BASUKI RAHMAT NO. 8-12\r\n |SURABAYA": {
    "lat": -7.261540399999999,
    "lng": 112.7397228
  },
  "Grand Tarakan Mall Lantai 4\r\nJl. Yos Sudarso No. 1,\r\nKalimantan Utara\r\n\r\n |TARAKAN": {
    "lat": 3.3087664,
    "lng": 117.5832803
  },
  "Jalan Mayjen Sutoyo No 35, Kelurahan Pekauman, Kecamatan Tegal Barat, Kota Tegal , Tegal|TEGAL": {
    "lat": -6.869915,
    "lng": 109.1289288
  },
  "Transmart Tegal Lt. 1 - Jl. Kolonel Sugiono, Kemandungan, Tegal 52112|TEGAL": {
    "lat": -6.8684052,
    "lng": 109.1230385
  },
  "PLAZA AMBARUKMO LT. 3\r\nJL. ADI SUCIPTO\r\n\r\n |YOGYAKARTA": {
    "lat": -7.8156618,
    "lng": 110.3890343
  },
  "PLAZA AMBARRUKMO LT. 3, JL. ADI SUCIPTO\r\n |YOGYAKARTA": {
    "lat": -7.8156618,
    "lng": 110.3890343
  },
  "Jl. Urip Sumoharjo\r\nYogyakarta\r\n\r\n |YOGYAKARTA": {
    "lat": -7.7830627,
    "lng": 110.3835995
  },
  "JOGJA CITY LT. 2\r\nJL. MAGELANG KM. 6 NO. 18\r\nSLEMAN - YOGYAKARTA\r\n\r\n|YOGYAKARTA": {
    "lat": -7.753384,
    "lng": 110.3606705
  },
  "Jl. Raya Ringroad Utara, Kaliwaru, Condongcatur, Kec. Depok, Kabupaten Sleman, DI Yogyakarta 55281|YOGYAKARTA": {
    "lat": -7.7582766,
    "lng": 110.3967465
  },
  "Mall Sleman City Hall Lt. 2\r\nJln. Gito Gati, Denggung, Tridadi \r\nKec. Sleman, Kabupaten Sleman\r\nDaerah Istimewa Yogyakarta\r\n\r\n|YOGYAKARTA": {
    "lat": -7.720028099999999,
    "lng": 110.3620274
  },
  "Transmart Maguwo Yogyakarta Lt. 1 - Jl. Raya Solo KM 8 No. 234, Sleman, DI Yogyakarta 55282|YOGYAKARTA": {
    "lat": -7.783162099999998,
    "lng": 110.4209371
  },
  "GANDARIA XXI - Jakarta\r\nGandaria City Level 2, Jl Sultan Iskandar Muda, Kebayoran Lama\r\n|JAKARTA": {
    "lat": -6.2437792,
    "lng": 106.7835536
  },
  "MALL KELAPA GADING 3, LT.3\r\n |JAKARTA": {
    "lat": -6.157795699999999,
    "lng": 106.9084998
  },
  "GALAXY MALL \r\nJL. DARMA HUSADA 37\r\n\r\n |SURABAYA": {
    "lat": -7.266977799999999,
    "lng": 112.7897377
  },
  "Mal Karawang Lnt. 3 \r\nJl. Tuparev No.110 Karawang Barat\r\n|KARAWANG": {
    "lat": -6.3096662,
    "lng": 107.2971038
  },
  "AEON MALL BSD CITY LT. 3\r\nJl. Raya BSD Utama Boulevard Barat\r\nKec. Pagedangan - Kab. Tangerang\r\n\r\n|TANGERANG": {
    "lat": -6.3048614,
    "lng": 106.6432633
  },
  "MALL ALAM SUTERA LT. 2\r\nJL. JALUR SUTERA 30D / 18 ALAM SUTERA SERPONG - TANGERANG 15325\r\n |TANGERANG": {
    "lat": -6.2222272,
    "lng": 106.651973
  },
  "MAL BALE KOTA LT. 2\r\nJL. JEND. SUDIRMAN KM.10\r\nTANGERANG 15119\r\n |TANGERANG": {
    "lat": -6.1790309,
    "lng": 106.6430453
  },
  "Bandara City Mall Lt. 2,\r\nJl. Perancis Raya, Dadap, Kec. kosambi\r\nKab. Tangerang, Bantan 15211\r\n\r\nTELEPHON |TANGERANG": {
    "lat": -6.092255799999999,
    "lng": 106.6922215
  },
  "BINTARO JAYA XCHANGE MALL LT. 1\r\nJL. BOULEVARD BINTARO JAYA SEKTOR 7 BLOK 0-2\r\nTANGERANG SELATAN 15224\r\n\r\n |TANGERANG": {
    "lat": -6.2854481,
    "lng": 106.7285448
  },
  "JL. RAYA SERPONG SEKTOR IV, BSD\r\n |TANGERANG": {
    "lat": -6.280534599999999,
    "lng": 106.6630502
  },
  "CBD Ciledug Lantai Atas HOS Cokroaminoto No. 93 Tangerang\r\n |TANGERANG": {
    "lat": -6.2234301,
    "lng": 106.7088266
  },
  "Ramayana Cikupa Lt.2 \r\nJln. Raya Serang No. 100\r\nCikupa, Tangerang\r\n\r\n|TANGERANG": {
    "lat": -6.229674699999999,
    "lng": 106.5251386
  },
  "Ramayana Lt.1\r\nJl. Hos Cokroaminoto No. 38B,\r\nSudimara timur, Kec. Ciledug\r\nKota Tangerang Banten, 1515\r\n\r\n|TANGERANG": {
    "lat": -6.2275341,
    "lng": 106.71797
  },
  "Eco Plaza Lt. 2 - Jl. Ecopolis BoulevardSelatan, Citra Raya, Cikupa|TANGERANG": {
    "lat": -6.250265,
    "lng": 106.5251866
  }
}